{
    "type": "payment_request",
    "data": {
        "TNKTGyk1aeD4wuxwNidFqMuhGNdQQycBJv": {
            "address": "TNKTGyk1aeD4wuxwNidFqMuhGNdQQycBJv",
            "createdAt": 1546538300651,
            "amount": 40000000,
            "message": "message",
            "label": "label"
        },
        "TFd16abAEsYMhoX4xiLtQdwmLW34xcfs3M": {
            "address": "TFd16abAEsYMhoX4xiLtQdwmLW34xcfs3M",
            "createdAt": 1546538311847,
            "amount": 40000000,
            "message": "message",
            "label": "label"
        },
        "TR6B42zLDdyk93B5Ey5wFALLSXqKex2sZS": {
            "address": "TR6B42zLDdyk93B5Ey5wFALLSXqKex2sZS",
            "label": "this is a modified payment request label"
        },
        "TCEMBNTS6ELpeGpdeDVvFkNhRhwjz234ei": {
            "address": "TCEMBNTS6ELpeGpdeDVvFkNhRhwjz234ei",
            "createdAt": 1546619705595,
            "amount": 40000000,
            "message": "message",
            "label": "this is a modified payment request label"
        }
    }
}
